bash	https://github.com/tree-sitter/tree-sitter-bash	a06c2e4415e9bc0346c6b86d401879ffb44058f7	-
c	https://github.com/tree-sitter/tree-sitter-c	ae19b676b13bdcc13b7665397e6d9b14975473dd	-
diff	https://github.com/tree-sitter-grammars/tree-sitter-diff	2520c3f934b3179bb540d23e0ef45f75304b5fed	-
dtd	https://github.com/tree-sitter-grammars/tree-sitter-xml	5000ae8f22d11fbe93939b05c1e37cf21117162d	dtd
ecma	-	-	-
html	https://github.com/tree-sitter/tree-sitter-html	73a3947324f6efddf9e17c0ea58d454843590cc0	-
html_tags	-	-	-
javascript	https://github.com/tree-sitter/tree-sitter-javascript	58404d8cf191d69f2674a8fd507bd5776f46cb11	-
jsdoc	https://github.com/tree-sitter/tree-sitter-jsdoc	658d18dcdddb75c760363faa4963427a7c6b52db	-
json	https://github.com/tree-sitter/tree-sitter-json	001c28d7a29832b06b0e831ec77845553c89b56d	-
jsx	-	-	-
lua	https://github.com/tree-sitter-grammars/tree-sitter-lua	e40f5b6e6df9c2d1d6d664ff5d346a75d71ee6b2	-
luadoc	https://github.com/tree-sitter-grammars/tree-sitter-luadoc	873612aadd3f684dd4e631bdf42ea8990c57634e	-
luap	https://github.com/tree-sitter-grammars/tree-sitter-luap	c134aaec6acf4fa95fe4aa0dc9aba3eacdbbe55a	-
markdown	https://github.com/tree-sitter-grammars/tree-sitter-markdown	da063e1ba4303ff08781eb440cc9a7bd41e55dd8	tree-sitter-markdown
markdown_inline	https://github.com/tree-sitter-grammars/tree-sitter-markdown	da063e1ba4303ff08781eb440cc9a7bd41e55dd8	tree-sitter-markdown-inline
printf	https://github.com/tree-sitter-grammars/tree-sitter-printf	ec4e5674573d5554fccb87a887c97d4aec489da7	-
python	https://github.com/tree-sitter/tree-sitter-python	v0.25.0	-
query	https://github.com/tree-sitter-grammars/tree-sitter-query	6350ad724e7b17a7eea712d4860b4d2ae892e0b6	-
regex	https://github.com/tree-sitter/tree-sitter-regex	b2ac15e27fce703d2f37a79ccd94a5c0cbe9720b	-
toml	https://github.com/tree-sitter-grammars/tree-sitter-toml	64b56832c2cffe41758f28e05c756a3a98d16f41	-
tsx	https://github.com/tree-sitter/tree-sitter-typescript	75b3874edb2dc714fb1fd77a32013d0f8699989f	tsx
typescript	https://github.com/tree-sitter/tree-sitter-typescript	75b3874edb2dc714fb1fd77a32013d0f8699989f	typescript
vim	https://github.com/tree-sitter-grammars/tree-sitter-vim	1cd0a0892b389bd314a9bd09545160e5ee3c9137	-
vimdoc	https://github.com/neovim/tree-sitter-vimdoc	f061895a0eff1d5b90e4fb60d21d87be3267031a	-
xml	https://github.com/tree-sitter-grammars/tree-sitter-xml	5000ae8f22d11fbe93939b05c1e37cf21117162d	xml
yaml	https://github.com/tree-sitter-grammars/tree-sitter-yaml	7708026449bed86239b1cd5bce6e3c34dbca6415	-
