blink.cmp	https://github.com/saghen/blink.cmp	b19413d214068f316c78978b08264ed1c41830ec
bufferline.nvim	https://github.com/akinsho/bufferline.nvim	655133c3b4c3e5e05ec549b9f8cc2894ac6f51b3
conform.nvim	https://github.com/stevearc/conform.nvim	c2526f1cde528a66e086ab1668e996d162c75f4f
ethereal.nvim	https://github.com/bjarneo/ethereal.nvim	a0ec73332e537228981b6a4f465cef82bb3e1d36
flash.nvim	https://github.com/folke/flash.nvim	fcea7ff883235d9024dc41e638f164a450c14ca2
friendly-snippets	https://github.com/rafamadriz/friendly-snippets	6cd7280adead7f586db6fccbd15d2cac7e2188b9
gitsigns.nvim	https://github.com/lewis6991/gitsigns.nvim	abf82a65f185bd54adc0679f74b7d6e1ada690c9
grug-far.nvim	https://github.com/MagicDuck/grug-far.nvim	1f7a722a9b9f0206a345377c13e62542f484398a
lazydev.nvim	https://github.com/folke/lazydev.nvim	5231c62aa83c2f8dc8e7ba957aa77098cda1257d
lualine.nvim	https://github.com/nvim-lualine/lualine.nvim	47f91c416daef12db467145e16bed5bbfe00add8
mini.ai	https://github.com/nvim-mini/mini.ai	9eae720f2b20f6ad28cbfa0ddc524e10dc2c3201
mini.icons	https://github.com/nvim-mini/mini.icons	efc85e42262cd0c9e1fdbf806c25cb0be6de115c
mini.pairs	https://github.com/nvim-mini/mini.pairs	4089aa6ea6423e02e1a8326a7a7a00159f6f5e04
neo-tree.nvim	https://github.com/nvim-neo-tree/neo-tree.nvim	1bd82358e516e3043796e207e64f50a11574af6e
noice.nvim	https://github.com/folke/noice.nvim	7bfd942445fb63089b59f97ca487d605e715f155
nui.nvim	https://github.com/MunifTanjim/nui.nvim	de740991c12411b663994b2860f1a4fd0937c130
nvim-dap	https://github.com/mfussenegger/nvim-dap	085386b9359ddf8d76ad89b98973b8e332dc5ba3
nvim-dap-python	https://github.com/mfussenegger/nvim-dap-python	1808458eba2b18f178f990e01376941a42c7f93b
nvim-dap-ui	https://github.com/rcarriga/nvim-dap-ui	cf91d5e2d07c72903d052f5207511bf7ecdb7122
nvim-dap-virtual-text	https://github.com/theHamsta/nvim-dap-virtual-text	fbdb48c2ed45f4a8293d0d483f7730d24467ccb6
nvim-lspconfig	https://github.com/neovim/nvim-lspconfig	ff9c0af8f9b2097fdd2695058db7e04c193908aa
nvim-nio	https://github.com/nvim-neotest/nvim-nio	21f5324bfac14e22ba26553caf69ec76ae8a7662
nvim-treesitter	https://github.com/nvim-treesitter/nvim-treesitter	f8bbc3177d929dc86e272c41cc15219f0a7aa1ac
nvim-treesitter-textobjects	https://github.com/nvim-treesitter/nvim-treesitter-textobjects	52bda74e087034408e2d563cb4499c1601038f9d
persistence.nvim	https://github.com/folke/persistence.nvim	b20b2a7887bd39c1a356980b45e03250f3dce49c
plenary.nvim	https://github.com/nvim-lua/plenary.nvim	b9fd5226c2f76c951fc8ed5923d85e4de065e509
snacks.nvim	https://github.com/folke/snacks.nvim	fe7cfe9800a182274d0f868a74b7263b8c0c020b
todo-comments.nvim	https://github.com/folke/todo-comments.nvim	31e3c38ce9b29781e4422fc0322eb0a21f4e8668
trouble.nvim	https://github.com/folke/trouble.nvim	bd67efe408d4816e25e8491cc5ad4088e708a69a
which-key.nvim	https://github.com/folke/which-key.nvim	3aab2147e74890957785941f0c1ad87d0a44c15a
