ruff	cargo	https://github.com/astral-sh/ruff	0.15.11	ruff,ty
shfmt	gomod	https://github.com/mvdan/sh	v3.13.1	-
debugpy	pypi	https://pypi.org/project/debugpy	1.8.21	-
neocmakelsp	cargo	https://github.com/neocmakelsp/neocmakelsp	v0.11.0	neocmakelsp
fd	cargo	https://github.com/sharkdp/fd	v10.5.0	fd-find
yazi	cargo	https://github.com/sxyazi/yazi	v26.1.22	yazi-fm,yazi-cli
yazi-prebuilt	git	https://github.com/yazi-rs/prebuilt	2d52c0b8b399aa476bfeff36a6256cffe76eb2a5	yazi-prebuilt
lazygit	gomod	https://github.com/jesseduffield/lazygit	v0.65.1	-
fzf	gomod	https://github.com/junegunn/fzf	v0.74.4	-
fish	cargo	https://github.com/fish-shell/fish-shell	4.9.3	fish
tmux	release	https://github.com/tmux/tmux	3.7c	-
